"","Corpus","Aptitude","Rank","1","2","3","4","5","6","7","8","9","10","11","12","13","14","15","16","17","18","19","20","21"
"1","5k1k","20p","rank10P","0.39127489649864","0.203231557344194","0.175499359087626","0.0945512026946811","0.0678749985097583","0.0675679858650999","0","0","0","0","0","0","0","0","0","0","0","0","0","0","0"
"2","5k1k","20p","rank20P","1","0","0","0","0","0","0","0","0","0","0","0","0","0","0","0","0","0","0","0","0"
"3","5k1k","20p","rank30P","0.314504666215897","0.188097942016797","0.175873849833964","0.159169183542586","0.127465477126872","0.0348888812638845","0","0","0","0","0","0","0","0","0","0","0","0","0","0","0"
"4","5k1k","20p","rank40P","1","0","0","0","0","0","0","0","0","0","0","0","0","0","0","0","0","0","0","0","0"
"5","5k1k","20p","rank50P","1","0","0","0","0","0","0","0","0","0","0","0","0","0","0","0","0","0","0","0","0"
"6","5k1k","20p","rank60P","0.221012305200927","0.229646683231707","0.248082967546532","0.179363452606716","0.0867738414337369","0.0280791152944934","0.00607375274845345","0.000967881937434689","0","0","0","0","0","0","0","0","0","0","0","0","0"
"7","5k1k","20p","rank70P","1","0","0","0","0","0","0","0","0","0","0","0","0","0","0","0","0","0","0","0","0"
"8","5k1k","20p","rank80P","0.391738983933164","0.298318056567857","0.244846793485709","0.0650961660132693","0","0","0","0","0","0","0","0","0","0","0","0","0","0","0","0","0"
"9","5k1k","20p","rank90P","1","0","0","0","0","0","0","0","0","0","0","0","0","0","0","0","0","0","0","0","0"
"10","5k1k","20p","rank100P","1","0","0","0","0","0","0","0","0","0","0","0","0","0","0","0","0","0","0","0","0"
"11","5k1k","40p","rank10P","0.0489435991942333","0.0281981501209803","0.0391084756402437","0.0514427934699908","0.064177342946673","0.0759351009515457","0.0852132562569106","0.0906933732343502","0.0915477743288775","0.0876443393538793","0.0795799708411787","0.068531060063767","0.0559725138686626","0.0433576519393043","0.0318537184920076","0.022195135211443","0.014667582254886","0.0209381618310667","0","0","0"
"12","5k1k","40p","rank20P","0.285777755367343","0.704090289639351","0.0101319549933057","0","0","0","0","0","0","0","0","0","0","0","0","0","0","0","0","0","0"
"13","5k1k","40p","rank30P","0.0369307362646906","0.04195699238148","0.069913772875943","0.100580429467097","0.124968100936518","0.134220732311863","0.124942722051366","0.101548086664374","0.0735130563020288","0.0497572719906343","0.034450976319974","0.0266302587472331","0.0227090472229408","0.0194130028896736","0.0153197292080521","0.0107084112203496","0.00652153717912995","0.00591513596665139","0","0","0"
"14","5k1k","40p","rank40P","0.332907312833506","0.658139671321818","0.00895301584467656","0","0","0","0","0","0","0","0","0","0","0","0","0","0","0","0","0","0"
"15","5k1k","40p","rank50P","0.510500905290725","0.489499094709275","0","0","0","0","0","0","0","0","0","0","0","0","0","0","0","0","0","0","0"
"16","0","0","0","0","0","0","0","0","0","0","0","0","0","0","0","0","0","0","0","0","0","0","0","0"
"17","5k1k","40p","rank70P","0.259012395325974","0.740987604674026","0","0","0","0","0","0","0","0","0","0","0","0","0","0","0","0","0","0","0"
"18","0","0","0","0","0","0","0","0","0","0","0","0","0","0","0","0","0","0","0","0","0","0","0","0"
"19","5k1k","40p","rank90P","0.512443367820792","0.476566621732741","0.0109900104464673","0","0","0","0","0","0","0","0","0","0","0","0","0","0","0","0","0","0"
"20","5k1k","40p","rank100P","0.698560898678079","0.301439101321921","0","0","0","0","0","0","0","0","0","0","0","0","0","0","0","0","0","0","0"
"21","5k1k","60p","rank10P","0","0","0","0","0","0","0.00795335282868676","0.00976836241398795","0.0185683364687179","0.032129103070265","0.0506057915333567","0.0725569855123679","0.0946971097090676","0.112505437882325","0.121671855282529","0.119780690539748","0.107340474961324","0.0875628511412847","0.164859648656339","0","0"
"22","5k1k","60p","rank20P","0.0277777777783382","0.0277833004009987","0.499993863751302","0.444445058069361","0","0","0","0","0","0","0","0","0","0","0","0","0","0","0","0","0"
"23","0","0","0","0","0","0","0","0","0","0","0","0","0","0","0","0","0","0","0","0","0","0","0","0"
"24","5k1k","60p","rank40P","0.0277777777788362","0.0277882093994195","0.944434012821744","0","0","0","0","0","0","0","0","0","0","0","0","0","0","0","0","0","0"
"25","5k1k","60p","rank50P","0.0998307822941901","0.290535798760824","0.609633418944985","0","0","0","0","0","0","0","0","0","0","0","0","0","0","0","0","0","0"
"26","0","0","0","0","0","0","0","0","0","0","0","0","0","0","0","0","0","0","0","0","0","0","0","0"
"27","5k1k","60p","rank70P","0.0760220741296589","0.339352708336183","0.417641463183437","0.135130080426037","0.0122524224171638","0.00634860711936336","0.0132526443881565","0","0","0","0","0","0","0","0","0","0","0","0","0","0"
"28","0","0","0","0","0","0","0","0","0","0","0","0","0","0","0","0","0","0","0","0","0","0","0","0"
"29","0","0","0","0","0","0","0","0","0","0","0","0","0","0","0","0","0","0","0","0","0","0","0","0"
"30","0","0","0","0","0","0","0","0","0","0","0","0","0","0","0","0","0","0","0","0","0","0","0","0"
"31","0","0","0","0","0","0","0","0","0","0","0","0","0","0","0","0","0","0","0","0","0","0","0","0"
"32","5k1k","80p","rank20P","0.00293608451238743","0.0613533842469424","0.0773996392694558","0.345174442528599","0.218075092498179","0.140881342841651","0.149497617464269","0.004682396638516","0","0","0","0","0","0","0","0","0","0","0","0","0"
"33","0","0","0","0","0","0","0","0","0","0","0","0","0","0","0","0","0","0","0","0","0","0","0","0"
"34","5k1k","80p","rank40P","0.0166536366420467","0.0844100879514903","0.0717799477937913","0.419248810208152","0.250244289977064","0.157663227427455","0","0","0","0","0","0","0","0","0","0","0","0","0","0","0"
"35","5k1k","80p","rank50P","0.113427294765508","0.157394003676979","0.218010229410912","0.209062450546597","0.139526705507787","0.0673410672655608","0.0295196341320516","0.020134357747418","0.0188530561351008","0.0146157741164533","0.0121154266956316","0","0","0","0","0","0","0","0","0","0"
"36","0","0","0","0","0","0","0","0","0","0","0","0","0","0","0","0","0","0","0","0","0","0","0","0"
"37","0","0","0","0","0","0","0","0","0","0","0","0","0","0","0","0","0","0","0","0","0","0","0","0"
"38","0","0","0","0","0","0","0","0","0","0","0","0","0","0","0","0","0","0","0","0","0","0","0","0"
"39","0","0","0","0","0","0","0","0","0","0","0","0","0","0","0","0","0","0","0","0","0","0","0","0"
"40","0","0","0","0","0","0","0","0","0","0","0","0","0","0","0","0","0","0","0","0","0","0","0","0"
"41","0","0","0","0","0","0","0","0","0","0","0","0","0","0","0","0","0","0","0","0","0","0","0","0"
"42","5k1k","100p","rank20P","0.0561186725444341","0.107187434147241","0.0722109342969922","0.0269617725606465","0.0298539450783362","0.0488723766537673","0.0712725313966278","0.0908470709050991","0.101196119718635","0.098510335302683","0.0838039510802594","0.0623032177617533","0.0404778347971253","0.0229866232078333","0.0117155431813591","0.0100884464664416","0.0248780827845753","0.029378479844314","0.0113366282718764","0","0"
"43","0","0","0","0","0","0","0","0","0","0","0","0","0","0","0","0","0","0","0","0","0","0","0","0"
"44","5k1k","100p","rank40P","0.0753705770103432","0.0530863738045829","0.0746675839473121","0.0958647906372461","0.112347870909875","0.120184842522475","0.117358317297739","0.104606170931611","0.0851098196197845","0.0632092142151597","0.0428507709533377","0.0265163252541984","0.0288273428963359","0","0","0","0","0","0","0","0"
"45","0","0","0","0","0","0","0","0","0","0","0","0","0","0","0","0","0","0","0","0","0","0","0","0"
"46","0","0","0","0","0","0","0","0","0","0","0","0","0","0","0","0","0","0","0","0","0","0","0","0"
"47","0","0","0","0","0","0","0","0","0","0","0","0","0","0","0","0","0","0","0","0","0","0","0","0"
"48","0","0","0","0","0","0","0","0","0","0","0","0","0","0","0","0","0","0","0","0","0","0","0","0"
"49","0","0","0","0","0","0","0","0","0","0","0","0","0","0","0","0","0","0","0","0","0","0","0","0"
"50","0","0","0","0","0","0","0","0","0","0","0","0","0","0","0","0","0","0","0","0","0","0","0","0"
"51","5k2k","20p","rank10P","0.421873896406749","0.221031166707055","0.14960379330452","0.116766199930708","0.0907249436509677","0","0","0","0","0","0","0","0","0","0","0","0","0","0","0","0"
"52","5k2k","20p","rank20P","1","0","0","0","0","0","0","0","0","0","0","0","0","0","0","0","0","0","0","0","0"
"53","5k2k","20p","rank30P","0.309906573123976","0.207544025887399","0.134578592188935","0.185703521931427","0.162267286868264","0","0","0","0","0","0","0","0","0","0","0","0","0","0","0","0"
"54","5k2k","20p","rank40P","1","0","0","0","0","0","0","0","0","0","0","0","0","0","0","0","0","0","0","0","0"
"55","5k2k","20p","rank50P","1","0","0","0","0","0","0","0","0","0","0","0","0","0","0","0","0","0","0","0","0"
"56","5k2k","20p","rank60P","0.237098277455786","0.233393153327357","0.244354765381603","0.171866871992088","0.081192426146897","0.0257521012858304","0.00548058496041082","0.000861819450028167","0","0","0","0","0","0","0","0","0","0","0","0","0"
"57","5k2k","20p","rank70P","1","0","0","0","0","0","0","0","0","0","0","0","0","0","0","0","0","0","0","0","0"
"58","5k2k","20p","rank80P","0.362015075450976","0.297301524876796","0.277530937003264","0.0631524626689637","0","0","0","0","0","0","0","0","0","0","0","0","0","0","0","0","0"
"59","5k2k","20p","rank90P","1","0","0","0","0","0","0","0","0","0","0","0","0","0","0","0","0","0","0","0","0"
"60","5k2k","20p","rank100P","1","0","0","0","0","0","0","0","0","0","0","0","0","0","0","0","0","0","0","0","0"
"61","5k2k","40p","rank10P","0.064099890933769","0.0326705455736427","0.0434986061922801","0.0551641112146553","0.0666346834720155","0.0766666632420405","0.0840185830357669","0.0877014453624772","0.0871968454559913","0.0825766801704751","0.0744863449285902","0.0639968303566135","0.0523724339521136","0.040823426899552","0.0303094783883003","0.0214343167684048","0.014437861134771","0.0092631339638849","0.00566075962582568","0.00698735932883043","0"
"62","5k2k","40p","rank20P","0.382797241997884","0.617202758002116","0","0","0","0","0","0","0","0","0","0","0","0","0","0","0","0","0","0","0"
"63","5k2k","40p","rank30P","0.0286809014733933","0.0360448763226268","0.0635509789613722","0.0963047163633159","0.125454207550464","0.14054659810487","0.135581111784598","0.113043238207726","0.0823559974138038","0.0540275669927289","0.0342532242500682","0.0234556125147561","0.0184325892839637","0.0155068528916386","0.0125120123497345","0.00905803924031456","0.00572202590609017","0.00546945038853452","0","0","0"
"64","5k2k","40p","rank40P","0.349288879616166","0.650711120383834","0","0","0","0","0","0","0","0","0","0","0","0","0","0","0","0","0","0","0"
"65","5k2k","40p","rank50P","0.516404124878522","0.483595875121478","0","0","0","0","0","0","0","0","0","0","0","0","0","0","0","0","0","0","0"
"66","0","0","0","0","0","0","0","0","0","0","0","0","0","0","0","0","0","0","0","0","0","0","0","0"
"67","5k2k","40p","rank70P","0.303628074273457","0.696371925726543","0","0","0","0","0","0","0","0","0","0","0","0","0","0","0","0","0","0","0"
"68","0","0","0","0","0","0","0","0","0","0","0","0","0","0","0","0","0","0","0","0","0","0","0","0"
"69","5k2k","40p","rank90P","0.497437685828922","0.491517558040097","0.0110447561309812","0","0","0","0","0","0","0","0","0","0","0","0","0","0","0","0","0","0"
"70","5k2k","40p","rank100P","0.66153888048931","0.33846111951069","0","0","0","0","0","0","0","0","0","0","0","0","0","0","0","0","0","0","0"
"71","5k2k","60p","rank10P","0","0","0","0","0","0","0","0.0191871392084855","0.0355913744459916","0.0620861531694199","0.0758265343605316","0.0650902062433731","0.0409722096332326","0.0269886582547913","0.0410224347333428","0.0863710766004462","0.140813839477804","0.162196549587702","0.130872786989131","0.112981037295748","0"
"72","5k2k","60p","rank20P","0.0112589141162742","0.200129125640877","0.539817742592814","0.248794217650035","0","0","0","0","0","0","0","0","0","0","0","0","0","0","0","0","0"
"73","0","0","0","0","0","0","0","0","0","0","0","0","0","0","0","0","0","0","0","0","0","0","0","0"
"74","5k2k","60p","rank40P","0.0270211087707702","0.167161484883218","0.805817406346012","0","0","0","0","0","0","0","0","0","0","0","0","0","0","0","0","0","0"
"75","5k2k","60p","rank50P","0.115082000847536","0.343557674055621","0.541360325096842","0","0","0","0","0","0","0","0","0","0","0","0","0","0","0","0","0","0"
"76","0","0","0","0","0","0","0","0","0","0","0","0","0","0","0","0","0","0","0","0","0","0","0","0"
"77","5k2k","60p","rank70P","0","0.464431507006499","0.352784521521574","0.136811714254894","0.0272917249175565","0.00295908024349145","0.0157214520559852","0","0","0","0","0","0","0","0","0","0","0","0","0","0"
"78","0","0","0","0","0","0","0","0","0","0","0","0","0","0","0","0","0","0","0","0","0","0","0","0"
"79","0","0","0","0","0","0","0","0","0","0","0","0","0","0","0","0","0","0","0","0","0","0","0","0"
"80","0","0","0","0","0","0","0","0","0","0","0","0","0","0","0","0","0","0","0","0","0","0","0","0"
"81","0","0","0","0","0","0","0","0","0","0","0","0","0","0","0","0","0","0","0","0","0","0","0","0"
"82","5k2k","80p","rank20P","0.00634692569629931","0.0602641009023302","0.0072068972233679","0.300673638430427","0.264730807803309","0.211066706081701","0.126112483696764","0.0235984401658019","0","0","0","0","0","0","0","0","0","0","0","0","0"
"83","0","0","0","0","0","0","0","0","0","0","0","0","0","0","0","0","0","0","0","0","0","0","0","0"
"84","5k2k","80p","rank40P","0","0.0709599843961178","0.0595754435740904","0.515729726154544","0.190059997134154","0.138941393154993","0.0247334555861012","0","0","0","0","0","0","0","0","0","0","0","0","0","0"
"85","5k2k","80p","rank50P","0.118934816297813","0.1599670340078","0.217560034672589","0.205540539496496","0.135848423785972","0.0659096488609412","0.0302696872096371","0.021490613311045","0.0194063157882149","0.0142023590715524","0.0108705274979395","0","0","0","0","0","0","0","0","0","0"
"86","0","0","0","0","0","0","0","0","0","0","0","0","0","0","0","0","0","0","0","0","0","0","0","0"
"87","0","0","0","0","0","0","0","0","0","0","0","0","0","0","0","0","0","0","0","0","0","0","0","0"
"88","0","0","0","0","0","0","0","0","0","0","0","0","0","0","0","0","0","0","0","0","0","0","0","0"
"89","0","0","0","0","0","0","0","0","0","0","0","0","0","0","0","0","0","0","0","0","0","0","0","0"
"90","0","0","0","0","0","0","0","0","0","0","0","0","0","0","0","0","0","0","0","0","0","0","0","0"
"91","0","0","0","0","0","0","0","0","0","0","0","0","0","0","0","0","0","0","0","0","0","0","0","0"
"92","5k2k","100p","rank20P","0.0608890083216483","0.103323063052898","0.0648019117432276","0.0395591992825719","0.0524475559804548","0.0712771554100214","0.0874030008037324","0.0964761447504044","0.0958577885235494","0.0857331353881954","0.0690213362673073","0.0500184744181328","0.0326278579568916","0.0191582532399248","0.0101258207394636","0.0048194132975854","0.00424213853770961","0.0349195536801746","0.017299188606107","0","0"
"93","0","0","0","0","0","0","0","0","0","0","0","0","0","0","0","0","0","0","0","0","0","0","0","0"
"94","5k2k","100p","rank40P","0.0863988905860423","0.0568257172142041","0.0778354618530938","0.0976558674711528","0.112229750168171","0.118142679181394","0.113918675774033","0.100617203603713","0.0814026327285718","0.0603244019286263","0.0409482382699571","0.0254603333671747","0.0282401478538662","0","0","0","0","0","0","0","0"
"95","0","0","0","0","0","0","0","0","0","0","0","0","0","0","0","0","0","0","0","0","0","0","0","0"
"96","0","0","0","0","0","0","0","0","0","0","0","0","0","0","0","0","0","0","0","0","0","0","0","0"
"97","0","0","0","0","0","0","0","0","0","0","0","0","0","0","0","0","0","0","0","0","0","0","0","0"
"98","0","0","0","0","0","0","0","0","0","0","0","0","0","0","0","0","0","0","0","0","0","0","0","0"
"99","0","0","0","0","0","0","0","0","0","0","0","0","0","0","0","0","0","0","0","0","0","0","0","0"
"100","0","0","0","0","0","0","0","0","0","0","0","0","0","0","0","0","0","0","0","0","0","0","0","0"
"101","5k3k","20p","rank10P","0.321577892569536","0.362047553990986","0.1086447973328","0.164614268273258","0.0431154878334191","0","0","0","0","0","0","0","0","0","0","0","0","0","0","0","0"
"102","5k3k","20p","rank20P","1","0","0","0","0","0","0","0","0","0","0","0","0","0","0","0","0","0","0","0","0"
"103","5k3k","20p","rank30P","0.326489341325305","0.181596893934316","0.255155628184933","0.175717889301697","0.0610402472537488","0","0","0","0","0","0","0","0","0","0","0","0","0","0","0","0"
"104","5k3k","20p","rank40P","1","0","0","0","0","0","0","0","0","0","0","0","0","0","0","0","0","0","0","0","0"
"105","5k3k","20p","rank50P","1","0","0","0","0","0","0","0","0","0","0","0","0","0","0","0","0","0","0","0","0"
"106","5k3k","20p","rank60P","0.223541847744933","0.236085949458064","0.251793961599156","0.176672890518","0.0815345643027231","0.0247369565509694","0.00493030466282518","0.000703525163329943","0","0","0","0","0","0","0","0","0","0","0","0","0"
"107","5k3k","20p","rank70P","1","0","0","0","0","0","0","0","0","0","0","0","0","0","0","0","0","0","0","0","0"
"108","5k3k","20p","rank80P","0.392438613814","0.271226227742202","0.310799678164072","0.0255354802797263","0","0","0","0","0","0","0","0","0","0","0","0","0","0","0","0","0"
"109","5k3k","20p","rank90P","1","0","0","0","0","0","0","0","0","0","0","0","0","0","0","0","0","0","0","0","0"
"110","5k3k","20p","rank100P","1","0","0","0","0","0","0","0","0","0","0","0","0","0","0","0","0","0","0","0","0"
"111","5k3k","40p","rank10P","0.0629249343369247","0.0334726496570661","0.0450059368760024","0.0574523241455296","0.0696311555690088","0.0801231299678983","0.0875327525324954","0.0907907669424085","0.0894069383666198","0.0835909369162608","0.0742002826325476","0.0625331436414559","0.0500349203395027","0.0380096874162074","0.0274140612079771","0.018771988815225","0.0122040739990138","0.0169003166378562","0","0","0"
"112","5k3k","40p","rank20P","0.511401453600416","0.488598546399584","0","0","0","0","0","0","0","0","0","0","0","0","0","0","0","0","0","0","0"
"113","5k3k","40p","rank30P","0.0447406691807098","0.0472616238182327","0.0760212472592537","0.106164935914329","0.128746827548596","0.13566130184171","0.124416891911579","0.0998043978782672","0.0710099881767879","0.0464790140731092","0.0302764948851757","0.0217965423441548","0.0179036857727753","0.0154401316079636","0.0126621553124755","0.00934095132849166","0.00605863758188097","0.00621450356450937","0","0","0"
"114","5k3k","40p","rank40P","0.378421889493907","0.621578110506093","0","0","0","0","0","0","0","0","0","0","0","0","0","0","0","0","0","0","0"
"115","5k3k","40p","rank50P","0.585253851360387","0.414746148639613","0","0","0","0","0","0","0","0","0","0","0","0","0","0","0","0","0","0","0"
"116","0","0","0","0","0","0","0","0","0","0","0","0","0","0","0","0","0","0","0","0","0","0","0","0"
"117","5k3k","40p","rank70P","0.357563377279295","0.642436622720705","0","0","0","0","0","0","0","0","0","0","0","0","0","0","0","0","0","0","0"
"118","0","0","0","0","0","0","0","0","0","0","0","0","0","0","0","0","0","0","0","0","0","0","0","0"
"119","5k3k","40p","rank90P","0.512443367820792","0.476566621732741","0.0109900104464673","0","0","0","0","0","0","0","0","0","0","0","0","0","0","0","0","0","0"
"120","5k3k","40p","rank100P","0.626796578416481","0.373203421583519","0","0","0","0","0","0","0","0","0","0","0","0","0","0","0","0","0","0","0"
"121","5k3k","60p","rank10P","0","0","0","0","0","0","0","0.0309175906506518","0.0958040382308381","0.106402002625126","0.0400004901209263","0.0201123758166667","0.0563928584717782","0.0661780270748947","0.0257065923008155","0.0101709601069903","0.0666988902404677","0.203819198169821","0.203894562954578","0.0739024132364444","0"
"122","5k3k","60p","rank20P","0.0299938786649535","0.298838318539913","0.511203196202991","0.159964606592142","0","0","0","0","0","0","0","0","0","0","0","0","0","0","0","0","0"
"123","0","0","0","0","0","0","0","0","0","0","0","0","0","0","0","0","0","0","0","0","0","0","0","0"
"124","5k3k","60p","rank40P","0.0011538328727787","0.112151501167106","0.885464260893431","0.0012304050666837","0","0","0","0","0","0","0","0","0","0","0","0","0","0","0","0","0"
"125","5k3k","60p","rank50P","0.112029291461561","0.290537294652134","0.597433413886305","0","0","0","0","0","0","0","0","0","0","0","0","0","0","0","0","0","0"
"126","0","0","0","0","0","0","0","0","0","0","0","0","0","0","0","0","0","0","0","0","0","0","0","0"
"127","5k3k","60p","rank70P","0.0603128841754298","0.341363834110109","0.441598196487475","0.127238641923765","0.00899097814300387","0.00730171034222038","0.0131937548179967","0","0","0","0","0","0","0","0","0","0","0","0","0","0"
"128","0","0","0","0","0","0","0","0","0","0","0","0","0","0","0","0","0","0","0","0","0","0","0","0"
"129","0","0","0","0","0","0","0","0","0","0","0","0","0","0","0","0","0","0","0","0","0","0","0","0"
"130","0","0","0","0","0","0","0","0","0","0","0","0","0","0","0","0","0","0","0","0","0","0","0","0"
"131","0","0","0","0","0","0","0","0","0","0","0","0","0","0","0","0","0","0","0","0","0","0","0","0"
"132","5k3k","80p","rank20P","0.0440133224823015","0.0205608911993989","0.0661442715350278","0.393859697143614","0.256216972326321","0.0903304549615245","0.107656425395211","0.0212179649566001","0","0","0","0","0","0","0","0","0","0","0","0","0"
"133","0","0","0","0","0","0","0","0","0","0","0","0","0","0","0","0","0","0","0","0","0","0","0","0"
"134","5k3k","80p","rank40P","0.0141371104512753","0.0753457967681377","0.0920456253697963","0.511374052923212","0.191283438594302","0.0704555630938386","0.0453584127994382","0","0","0","0","0","0","0","0","0","0","0","0","0","0"
"135","5k3k","80p","rank50P","0.106690007458045","0.147610012767969","0.208489905360562","0.207587413692167","0.147624248215424","0.0797300928870592","0.0405496081318754","0.0260352370246891","0.0185311172137694","0.0171523572484388","0","0","0","0","0","0","0","0","0","0","0"
"136","0","0","0","0","0","0","0","0","0","0","0","0","0","0","0","0","0","0","0","0","0","0","0","0"
"137","0","0","0","0","0","0","0","0","0","0","0","0","0","0","0","0","0","0","0","0","0","0","0","0"
"138","0","0","0","0","0","0","0","0","0","0","0","0","0","0","0","0","0","0","0","0","0","0","0","0"
"139","0","0","0","0","0","0","0","0","0","0","0","0","0","0","0","0","0","0","0","0","0","0","0","0"
"140","0","0","0","0","0","0","0","0","0","0","0","0","0","0","0","0","0","0","0","0","0","0","0","0"
"141","0","0","0","0","0","0","0","0","0","0","0","0","0","0","0","0","0","0","0","0","0","0","0","0"
"142","5k3k","100p","rank20P","0.067957208066024","0.0874361866219785","0.0543805362155627","0.0425111263881492","0.0545823230935631","0.0687594152162955","0.0807981936665819","0.0885067785606123","0.090376644749652","0.0860281767849496","0.0763361030569699","0.0631428037133089","0.0486880192619021","0.0349964821404707","0.0234493223997663","0.0146466843789433","0.00852807238983","0.00462875602073098","0.00424716727470864","0","0"
"143","0","0","0","0","0","0","0","0","0","0","0","0","0","0","0","0","0","0","0","0","0","0","0","0"
"144","5k3k","100p","rank40P","0.0669548414932526","0.0497586416738934","0.0715553133676262","0.0936974556314049","0.1117190054318","0.121294249299518","0.119913339579894","0.107946580086958","0.0884838600315924","0.0660438545625236","0.044886222811406","0.0277782476287073","0.0299683884014246","0","0","0","0","0","0","0","0"
"145","0","0","0","0","0","0","0","0","0","0","0","0","0","0","0","0","0","0","0","0","0","0","0","0"
"146","0","0","0","0","0","0","0","0","0","0","0","0","0","0","0","0","0","0","0","0","0","0","0","0"
"147","0","0","0","0","0","0","0","0","0","0","0","0","0","0","0","0","0","0","0","0","0","0","0","0"
"148","0","0","0","0","0","0","0","0","0","0","0","0","0","0","0","0","0","0","0","0","0","0","0","0"
"149","0","0","0","0","0","0","0","0","0","0","0","0","0","0","0","0","0","0","0","0","0","0","0","0"
"150","0","0","0","0","0","0","0","0","0","0","0","0","0","0","0","0","0","0","0","0","0","0","0","0"
"151","5k4k","20p","rank10P","0.323942279737272","0.321670954406909","0.127601414699261","0.182350196718734","0.0444351544378241","0","0","0","0","0","0","0","0","0","0","0","0","0","0","0","0"
"152","5k4k","20p","rank20P","1","0","0","0","0","0","0","0","0","0","0","0","0","0","0","0","0","0","0","0","0"
"153","5k4k","20p","rank30P","0.286944557493786","0.246580013563235","0.202696479213231","0.206770209647964","0.0570087400817838","0","0","0","0","0","0","0","0","0","0","0","0","0","0","0","0"
"154","5k4k","20p","rank40P","1","0","0","0","0","0","0","0","0","0","0","0","0","0","0","0","0","0","0","0","0"
"155","5k4k","20p","rank50P","1","0","0","0","0","0","0","0","0","0","0","0","0","0","0","0","0","0","0","0","0"
"156","5k4k","20p","rank60P","0.233897786545844","0.240710591180518","0.250701703057623","0.171048061482776","0.0764300671450545","0.0223545477513579","0.00427657517746038","0.000580667659366263","0","0","0","0","0","0","0","0","0","0","0","0","0"
"157","5k4k","20p","rank70P","1","0","0","0","0","0","0","0","0","0","0","0","0","0","0","0","0","0","0","0","0"
"158","5k4k","20p","rank80P","0.390747464439528","0.269355056861505","0.276759469898498","0.0631380088004693","0","0","0","0","0","0","0","0","0","0","0","0","0","0","0","0","0"
"159","5k4k","20p","rank90P","1","0","0","0","0","0","0","0","0","0","0","0","0","0","0","0","0","0","0","0","0"
"160","5k4k","20p","rank100P","1","0","0","0","0","0","0","0","0","0","0","0","0","0","0","0","0","0","0","0","0"
"161","5k4k","40p","rank10P","0.047252162765004","0.0383343568804538","0.0568017602546764","0.0760181331142504","0.0919284557674047","0.100557780689278","0.0997406417632805","0.0902074576934858","0.0753174759235206","0.0595477277315702","0.0466009184357157","0.0381361515642649","0.0336375879453017","0.0312493994581777","0.028968722173712","0.0255656989255812","0.0208869921064407","0.0155799922329111","0.0105437386583958","0.0131248459165751","0"
"162","5k4k","40p","rank20P","0.569069012463548","0.430930987536452","0","0","0","0","0","0","0","0","0","0","0","0","0","0","0","0","0","0","0"
"163","5k4k","40p","rank30P","0.0404518473356652","0.0444935705968269","0.072901741692559","0.103333184984622","0.126776323814131","0.134815651596219","0.124714842351008","0.101290509791534","0.0738500906913551","0.0506782441882618","0.035287226020432","0.0264956125015794","0.0210983451516351","0.0165331204543537","0.0119315240317444","0.00764717131779946","0.00428351599395227","0.00341747748632171","0","0","0"
"164","5k4k","40p","rank40P","0.402605027453696","0.597394972546304","0","0","0","0","0","0","0","0","0","0","0","0","0","0","0","0","0","0","0"
"165","5k4k","40p","rank50P","0.54684327576849","0.45315672423151","0","0","0","0","0","0","0","0","0","0","0","0","0","0","0","0","0","0","0"
"166","0","0","0","0","0","0","0","0","0","0","0","0","0","0","0","0","0","0","0","0","0","0","0","0"
"167","5k4k","40p","rank70P","0.370299168531933","0.629700831468067","0","0","0","0","0","0","0","0","0","0","0","0","0","0","0","0","0","0","0"
"168","0","0","0","0","0","0","0","0","0","0","0","0","0","0","0","0","0","0","0","0","0","0","0","0"
"169","5k4k","40p","rank90P","0.482438765338894","0.506455164455826","0.0111060702052801","0","0","0","0","0","0","0","0","0","0","0","0","0","0","0","0","0","0"
"170","5k4k","40p","rank100P","0.626796578416481","0.373203421583519","0","0","0","0","0","0","0","0","0","0","0","0","0","0","0","0","0","0","0"
"171","5k4k","60p","rank10P","0","0","0","0","0","0","0.0294169031794312","0.0480801136904556","0.0746327147174939","0.0797737021007398","0.0587524820032317","0.0301570531786456","0.0131699620440061","0.0157267050798372","0.0435622082478955","0.0968567080372112","0.149528500291753","0.15902320037636","0.116458972349421","0.0848607747035184","0"
"172","5k4k","60p","rank20P","0.025039794957563","0.292584357167151","0.526266581709408","0.156109266165877","0","0","0","0","0","0","0","0","0","0","0","0","0","0","0","0","0"
"173","0","0","0","0","0","0","0","0","0","0","0","0","0","0","0","0","0","0","0","0","0","0","0","0"
"174","5k4k","60p","rank40P","1.47585094073878e-05","0.253511618382016","0.746473623108577","0","0","0","0","0","0","0","0","0","0","0","0","0","0","0","0","0","0"
"175","5k4k","60p","rank50P","0.0885496058796579","0.28068418301337","0.630766211106973","0","0","0","0","0","0","0","0","0","0","0","0","0","0","0","0","0","0"
"176","0","0","0","0","0","0","0","0","0","0","0","0","0","0","0","0","0","0","0","0","0","0","0","0"
"177","5k4k","60p","rank70P","0.0818969358467253","0.287520215686545","0.396549944065451","0.196874405736104","0.0349287357816335","0.00218220227435995","4.75606091823177e-05","0","0","0","0","0","0","0","0","0","0","0","0","0","0"
"178","0","0","0","0","0","0","0","0","0","0","0","0","0","0","0","0","0","0","0","0","0","0","0","0"
"179","0","0","0","0","0","0","0","0","0","0","0","0","0","0","0","0","0","0","0","0","0","0","0","0"
"180","0","0","0","0","0","0","0","0","0","0","0","0","0","0","0","0","0","0","0","0","0","0","0","0"
"181","0","0","0","0","0","0","0","0","0","0","0","0","0","0","0","0","0","0","0","0","0","0","0","0"
"182","5k4k","80p","rank20P","0.0508724283230865","0.07428086554409","0.11314665943958","0.298429398501968","0.33353307889282","0.116891145517233","0.0128464237812214","0","0","0","0","0","0","0","0","0","0","0","0","0","0"
"183","0","0","0","0","0","0","0","0","0","0","0","0","0","0","0","0","0","0","0","0","0","0","0","0"
"184","5k4k","80p","rank40P","0.0165718888609398","0.0768840339003313","0.211849198262689","0.313126707274352","0.248484507886355","0.105812195462172","0.0272714683531605","0","0","0","0","0","0","0","0","0","0","0","0","0","0"
"185","5k4k","80p","rank50P","0.159826988314289","0.141067867697831","0.148609364756087","0.198901658085016","0.167779451774343","0.0884140990793804","0.0299064389830732","0.0179608623618801","0.0315596416274122","0.0159736273206887","0","0","0","0","0","0","0","0","0","0","0"
"186","0","0","0","0","0","0","0","0","0","0","0","0","0","0","0","0","0","0","0","0","0","0","0","0"
"187","0","0","0","0","0","0","0","0","0","0","0","0","0","0","0","0","0","0","0","0","0","0","0","0"
"188","0","0","0","0","0","0","0","0","0","0","0","0","0","0","0","0","0","0","0","0","0","0","0","0"
"189","0","0","0","0","0","0","0","0","0","0","0","0","0","0","0","0","0","0","0","0","0","0","0","0"
"190","0","0","0","0","0","0","0","0","0","0","0","0","0","0","0","0","0","0","0","0","0","0","0","0"
"191","0","0","0","0","0","0","0","0","0","0","0","0","0","0","0","0","0","0","0","0","0","0","0","0"
"192","5k4k","100p","rank20P","0.0508814454364998","0.0764417196403067","0.0671238493001218","0.0412536770160104","0.043589276112677","0.0646270428461648","0.0884249615995284","0.105849731733964","0.110620698776135","0.100925044741531","0.0803852620973743","0.0558941969679462","0.0339286400872607","0.0179792283578053","0.00831715422362456","0.00335878905615772","0.00149296737267057","0.0174942816359605","0.0314120329982611","0","0"
"193","0","0","0","0","0","0","0","0","0","0","0","0","0","0","0","0","0","0","0","0","0","0","0","0"
"194","5k4k","100p","rank40P","0.129619211929432","0.068156154452847","0.0335839535648646","0.0564552099916559","0.0838737771561776","0.108492669887753","0.122188062499265","0.119815367673532","0.102294301560726","0.0760403245740082","0.0492138297799509","0.0277317189367561","0.0225354179930333","0","0","0","0","0","0","0","0"
"195","0","0","0","0","0","0","0","0","0","0","0","0","0","0","0","0","0","0","0","0","0","0","0","0"
"196","0","0","0","0","0","0","0","0","0","0","0","0","0","0","0","0","0","0","0","0","0","0","0","0"
"197","0","0","0","0","0","0","0","0","0","0","0","0","0","0","0","0","0","0","0","0","0","0","0","0"
"198","0","0","0","0","0","0","0","0","0","0","0","0","0","0","0","0","0","0","0","0","0","0","0","0"
"199","0","0","0","0","0","0","0","0","0","0","0","0","0","0","0","0","0","0","0","0","0","0","0","0"
"200","0","0","0","0","0","0","0","0","0","0","0","0","0","0","0","0","0","0","0","0","0","0","0","0"
"201","5k","20p","rank10P","0.366196420469463","0.253521222089204","0.154929306832414","0.225337223014436","1.58275944828201e-05","0","0","0","0","0","0","0","0","0","0","0","0","0","0","0","0"
"202","5k","20p","rank20P","1","0","0","0","0","0","0","0","0","0","0","0","0","0","0","0","0","0","0","0","0"
"203","5k","20p","rank30P","0.286704610265218","0.233600858497487","0.215676540750754","0.207008215446028","0.0570097750405127","0","0","0","0","0","0","0","0","0","0","0","0","0","0","0","0"
"204","5k","20p","rank40P","1","0","0","0","0","0","0","0","0","0","0","0","0","0","0","0","0","0","0","0","0"
"205","5k","20p","rank50P","1","0","0","0","0","0","0","0","0","0","0","0","0","0","0","0","0","0","0","0","0"
"206","5k","20p","rank60P","0.23936038694172","0.235866488462598","0.2451924293898","0.170290574603965","0.0789993100704973","0.0244689392965394","0.00505701190908381","0.000764859325797174","0","0","0","0","0","0","0","0","0","0","0","0","0"
"207","5k","20p","rank70P","1","0","0","0","0","0","0","0","0","0","0","0","0","0","0","0","0","0","0","0","0"
"208","5k","20p","rank80P","0.390747464439528","0.269355056861505","0.276759469898498","0.0631380088004693","0","0","0","0","0","0","0","0","0","0","0","0","0","0","0","0","0"
"209","5k","20p","rank90P","1","0","0","0","0","0","0","0","0","0","0","0","0","0","0","0","0","0","0","0","0"
"210","5k","20p","rank100P","1","0","0","0","0","0","0","0","0","0","0","0","0","0","0","0","0","0","0","0","0"
"211","5k","40p","rank10P","0.0487990064895688","0.0407552859960287","0.0606378713352375","0.0809650539899199","0.0970493224494568","0.104520720465585","0.101361728513762","0.0889978618813618","0.0716941624556148","0.0545970513645812","0.0415814647112437","0.0340225888649325","0.0308963360569771","0.0298552831423351","0.028569766704208","0.0256951690981749","0.0211457952508799","0.0157376036557976","0.0105418056505292","0.0125761219238059","0"
"212","5k","40p","rank20P","0.604915274488736","0.395084725511264","0","0","0","0","0","0","0","0","0","0","0","0","0","0","0","0","0","0","0"
"213","5k","40p","rank30P","0.0347875287677725","0.0437402502285578","0.075326487172598","0.109763668391192","0.135388056973286","0.141522194843906","0.125833406939693","0.0962631471456489","0.0655096840670633","0.0430421060722117","0.0310407476701894","0.0259858669247804","0.0229557046933883","0.0189686102777966","0.0137499056613306","0.00853326770191509","0.00449724181893896","0.00309212464973108","0","0","0"
"214","5k","40p","rank40P","0.366022116081374","0.633977883918626","0","0","0","0","0","0","0","0","0","0","0","0","0","0","0","0","0","0","0"
"215","5k","40p","rank50P","0.536367763237386","0.463632236762614","0","0","0","0","0","0","0","0","0","0","0","0","0","0","0","0","0","0","0"
"216","0","0","0","0","0","0","0","0","0","0","0","0","0","0","0","0","0","0","0","0","0","0","0","0"
"217","5k","40p","rank70P","0.395084725511268","0.604915274488733","0","0","0","0","0","0","0","0","0","0","0","0","0","0","0","0","0","0","0"
"218","0","0","0","0","0","0","0","0","0","0","0","0","0","0","0","0","0","0","0","0","0","0","0","0"
"219","5k","40p","rank90P","0.497437685828922","0.491517558040097","0.0110447561309812","0","0","0","0","0","0","0","0","0","0","0","0","0","0","0","0","0","0"
"220","5k","40p","rank100P","0.626796578416481","0.373203421583519","0","0","0","0","0","0","0","0","0","0","0","0","0","0","0","0","0","0","0"
"221","5k","60p","rank10P","0","0","0","0","0","0","0.0328981172428515","0.0217282825489529","0.0317657084468481","0.0438890055804877","0.0573082567839223","0.0707201369228284","0.0824771344239426","0.0909051968351473","0.0946909778288023","0.0932166003256698","0.0867246741503555","0.0762529771015618","0.0633629746340094","0.04975982153728","0.104300135637341"
"222","5k","60p","rank20P","0.0291437218167828","0.262686947034997","0.698998019004132","0.00917131214408928","0","0","0","0","0","0","0","0","0","0","0","0","0","0","0","0","0"
"223","0","0","0","0","0","0","0","0","0","0","0","0","0","0","0","0","0","0","0","0","0","0","0","0"
"224","5k","60p","rank40P","0","0.271496833661333","0.72652972893233","0.00197343740633615","0","0","0","0","0","0","0","0","0","0","0","0","0","0","0","0","0"
"225","5k","60p","rank50P","0.135092298396367","0.355408233151643","0.509499468451988","0","0","0","0","0","0","0","0","0","0","0","0","0","0","0","0","0","0"
"226","0","0","0","0","0","0","0","0","0","0","0","0","0","0","0","0","0","0","0","0","0","0","0","0"
"227","5k","60p","rank70P","0.0775657843635568","0.283575696994539","0.400260208647519","0.200818026231415","0.0355476548268076","0.00218638575482488","4.62431813382791e-05","0","0","0","0","0","0","0","0","0","0","0","0","0","0"
"228","0","0","0","0","0","0","0","0","0","0","0","0","0","0","0","0","0","0","0","0","0","0","0","0"
"229","0","0","0","0","0","0","0","0","0","0","0","0","0","0","0","0","0","0","0","0","0","0","0","0"
"230","0","0","0","0","0","0","0","0","0","0","0","0","0","0","0","0","0","0","0","0","0","0","0","0"
"231","0","0","0","0","0","0","0","0","0","0","0","0","0","0","0","0","0","0","0","0","0","0","0","0"
"232","5k","80p","rank20P","0.0625249664212398","0.0637132508388737","0.0568832735931802","0.352742444309594","0.294050622587686","0.132953169652783","0.0371322725966436","0","0","0","0","0","0","0","0","0","0","0","0","0","0"
"233","0","0","0","0","0","0","0","0","0","0","0","0","0","0","0","0","0","0","0","0","0","0","0","0"
"234","5k","80p","rank40P","0.029362491999737","0.0807018592585863","0.105263835060525","0.47158344768049","0.210496709228335","0.0637997755405484","0.0387918812317797","0","0","0","0","0","0","0","0","0","0","0","0","0","0"
"235","5k","80p","rank50P","0.139956754399646","0.109586063596461","0.205136668088103","0.213532546227541","0.13945432691946","0.0952472429128","0.039235154285397","0.000174256898166747","0.0540024456994074","0.00367454097301723","0","0","0","0","0","0","0","0","0","0","0"
"236","0","0","0","0","0","0","0","0","0","0","0","0","0","0","0","0","0","0","0","0","0","0","0","0"
"237","0","0","0","0","0","0","0","0","0","0","0","0","0","0","0","0","0","0","0","0","0","0","0","0"
"238","0","0","0","0","0","0","0","0","0","0","0","0","0","0","0","0","0","0","0","0","0","0","0","0"
"239","0","0","0","0","0","0","0","0","0","0","0","0","0","0","0","0","0","0","0","0","0","0","0","0"
"240","0","0","0","0","0","0","0","0","0","0","0","0","0","0","0","0","0","0","0","0","0","0","0","0"
"241","0","0","0","0","0","0","0","0","0","0","0","0","0","0","0","0","0","0","0","0","0","0","0","0"
"242","5k","100p","rank20P","0.0648653670907579","0.0854458653569401","0.0412999334205918","0.0341570847333404","0.0528190591435717","0.0754765697895751","0.0957260819981857","0.107726943645511","0.107570926131159","0.0953107708849775","0.0749315632797957","0.0522711214843985","0.0323542092380288","0.0177692342817503","0.00865908266462934","0.00374408791569414","0.00173353144328914","0.0172113799225344","0.0309271875752695","0","0"
"243","0","0","0","0","0","0","0","0","0","0","0","0","0","0","0","0","0","0","0","0","0","0","0","0"
"244","5k","100p","rank40P","0.130537084932778","0.0683837087991978","0.035059806041825","0.0572659859620173","0.0832303104105094","0.106180234656248","0.118900835243102","0.116870828485121","0.100834045205222","0.0763636872344851","0.0507624925362349","0.0296191100065422","0.0259918704867177","0","0","0","0","0","0","0","0"
